{
  "orig_target": "Total Funding Amount Currency (in USD)",
  "safe_target": "total_funding_amount_currency_in_usd",
  "safe_target_log": "total_funding_amount_currency_in_usd_log",
  "log_transform": true,
  "random_seed": 42,
  "test_ratio": 0.15,
  "categorical_class_maps": {
    "Headquarters Location": [
      " Aargau",
      " Aberdeen City",
      " Aberdeenshire",
      " Abia",
      " Abruzzi",
      " Abu Dhabi",
      " Aceh",
      " Acre",
      " Ad Daqahliyah",
      " Ad Dawhah",
      " Adana",
      " Adis Abeba",
      " Adygeya",
      " Aguascalientes",
      " Aichi",
      " Aisen del General Carlos Ibanez del Campo",
      " Ajaria",
      " Ajman",
      " Akershus",
      " Akhaia",
      " Akita",
      " Aklan",
      " Al Balqa'",
      " Al Buhayrah",
      " Al Iskandariyah",
      " Al Isma'iliyah",
      " Al Janub",
      " Al Jizah",
      " Al Karak",
      " Al Khartum",
      " Al Kuwayt",
      " Al Manamah",
      " Al Qahirah",
      " Alabama",
      " Alagoas",
      " Alajuela",
      " Aland",
      " Alaska",
      " Alba",
      " Alberta",
      " Alger",
      " Almaty",
      " Almaty City",
      " Alsace",
      " Alytaus Apskritis",
      " Amapa",
      " Amazonas",
      " Amman",
      " Anambra",
      " Andalucia",
      " Andhra Pradesh",
      " Angeles",
      " Angus",
      " Anhui",
      " Ankara",
      " Antalya",
      " Antananarivo",
      " Antioquia",
      " Antofagasta",
      " Antrim",
      " Antwerpen",
      " Aomori",
      " Aqmola",
      " Aquitaine",
      " Ar Riyad",
      " Aragon",
      " Araucania",
      " Arbil",
      " Ards",
      " Arequipa",
      " Argyll and Bute",
      " Arica y Parinacota",
      " Arizona",
      " Arkansas",
      " Armagh",
      " Arnessysla",
      " Arta",
      " Arusha",
      " Ash Sharqiyah",
      " Ashanti",
      " Assam",
      " Astana",
      " Astrakhan'",
      " Asturias",
      " Asyut",
      " Atlantico",
      " Attiki",
      " Auckland",
      " Ausser-Rhoden",
      " Aust-Agder",
      " Australian Capital Territory",
      " Austur-Skaftafellssysla",
      " Austurland",
      " Auvergne",
      " Aveiro",
      " Azores",
      " Azuay",
      " Bacs-Kiskun",
      " Baden-Wurttemberg",
      " Baghdad",
      " Bagmati",
      " Baguio",
      " Bahia",
      " Baja California",
      " Baja California Sur",
      " Baki",
      " Bali",
      " Ballymena",
      " Ballymoney",
      " Balochistan",
      " Balzers",
      " Bamako",
      " Banbridge",
      " Bandundu",
      " Banjul",
      " Banska Bystrica",
      " Banten",
      " Baranya",
      " Barisal",
      " Barnet",
      " Barnsley",
      " Basel-Landschaft",
      " Basel-Stadt",
      " Bashkortostan",
      " Basilan",
      " Basilicata",
      " Basse-Normandie",
      " Bath and North East Somerset",
      " Bauchi",
      " Bauskas",
      " Bay of Plenty",
      " Bayern",
      " Beau Vallon",
      " Bedfordshire",
      " Beijing",
      " Beja",
      " Belfast",
      " Belize",
      " Benguet",
      " Benue",
      " Berlin",
      " Bern",
      " Beyrouth",
      " Bihar",
      " Bihor",
      " Bio-Bio",
      " Birmingham",
      " Bishkek",
      " Bistrita-Nasaud",
      " Bjelovarsko-Bilogorska",
      " Blackpool",
      " Blaenau Gwent",
      " Blekinge Lan",
      " Blida",
      " Bohinj Commune",
      " Bolivar",
      " Bolton",
      " Bolu",
      " Borsod-Abauj-Zemplen",
      " Bourgogne",
      " Bournemouth",
      " Brabant Wallon",
      " Bracknell Forest",
      " Bradford",
      " Braga",
      " Braganca",
      " Brandenburg",
      " Brasov",
      " Bratislava",
      " Brazzaville",
      " Bremen",
      " Brent",
      " Bretagne",
      " Brezovica Commune",
      " Bridgend",
      " Brighton and Hove",
      " Bristol",
      " British Columbia",
      " Bromley",
      " Brussels Hoofdstedelijk Gewest",
      " Buckinghamshire",
      " Bucuresti",
      " Budapest",
      " Buenos Aires",
      " Bulacan",
      " Bumthang",
      " Burgas",
      " Bursa",
      " Bury",
      " Buskerud",
      " Butare",
      " Caerphilly",
      " Cagayan",
      " Cajamarca",
      " Calabria",
      " Caldas",
      " Calderdale",
      " California",
      " Camarines Norte",
      " Cambridgeshire",
      " Camden",
      " Campania",
      " Campeche",
      " Canakkale",
      " Canarias",
      " Cantabria",
      " Cantemir",
      " Canterbury",
      " Cardiff",
      " Carlow",
      " Carmarthenshire",
      " Caroni",
      " Cartago",
      " Castelo Branco",
      " Castilla y Leon",
      " Castilla-La Mancha",
      " Castries",
      " Catalonia",
      " Cauca",
      " Cavan",
      " Cavite",
      " Cayo",
      " Ceara",
      " Cebu",
      " Cebu City",
      " Central",
      " Central Region",
      " Centre",
      " Ceredigion",
      " Cesar",
      " Cesu",
      " Ch'ungch'ong-bukto",
      " Ch'ungch'ong-namdo",
      " Champagne-Ardenne",
      " Chandigarh",
      " Chaouia-Ouardigha",
      " Cheju-do",
      " Chelyabinsk",
      " Cherkas'ka Oblast'",
      " Chernihivs'ka Oblast'",
      " Chernivets'ka Oblast'",
      " Cheshire",
      " Cheshire East",
      " Chhattisgarh",
      " Chiang Mai",
      " Chiapas",
      " Chiba",
      " Chihuahua",
      " Chisinau",
      " Chittagong",
      " Cholla-bukto",
      " Cholla-namdo",
      " Chon Buri",
      " Chongqing",
      " Christ Church Nichola Town",
      " Clackmannanshire",
      " Clare",
      " Cluj",
      " Coahuila de Zaragoza",
      " Coast",
      " Cochabamba",
      " Coimbra",
      " Coleraine",
      " Colima",
      " Colon",
      " Colorado",
      " Comunidad Valenciana",
      " Conakry",
      " Connecticut",
      " Constanta",
      " Constantine",
      " Conwy",
      " Coquimbo",
      " Cordoba",
      " Cork",
      " Cornwall",
      " Corse",
      " Cortes",
      " Coventry",
      " Cross River",
      " Croydon",
      " Csongrad",
      " Cumbria",
      " Cundinamarca",
      " Cusco",
      " Dadra and Nagar Haveli",
      " Dakar",
      " Dalarnas Lan",
      " Daman and Diu",
      " Dambovita",
      " Dar es Salaam",
      " Davao City",
      " Debrecen",
      " Delaware",
      " Delhi",
      " Delta",
      " Demerara-Mahaica",
      " Denbighshire",
      " Denizli",
      " Derby",
      " Derbyshire",
      " Derry",
      " Devon",
      " Dhaka",
      " Diekirch",
      " Dimashq",
      " District of Columbia",
      " Distrito Especial",
      " Distrito Federal",
      " Distrito Nacional",
      " Dnipropetrovs'ka Oblast'",
      " Dolj",
      " Dolnoslaskie",
      " Doncaster",
      " Donegal",
      " Dorset",
      " Down",
      " Drenthe",
      " Dubai",
      " Dublin",
      " Dubrovacko-Neretvanska",
      " Dudley",
      " Dumfries and Galloway",
      " Dundee City",
      " Durango",
      " Durham",
      " Dushet'is Raioni",
      " Duzce",
      " Ealing",
      " East Dunbartonshire",
      " East Lothian",
      " East Region",
      " East Riding of Yorkshire",
      " East Sussex",
      " Eastern",
      " Eastern Finland",
      " Ebonyi",
      " Edinburgh",
      " Edirne",
      " Edo",
      " Ehime",
      " Ekiti",
      " Emilia-Romagna",
      " England",
      " Enugu",
      " Escaldes-Engordany",
      " Eskisehir",
      " Espirito Santo",
      " Essex",
      " Esteli",
      " Evora",
      " Evvoia",
      " Extremadura",
      " Eyjafjardarsysla",
      " Falkirk",
      " Famagusta",
      " Faro",
      " Federal Capital Territory",
      " Federally Administered Tribal Areas",
      " Federation of Bosnia and Herzegovina",
      " Fejer",
      " Fermanagh",
      " Fes-Boulemane",
      " Fife",
      " Flevoland",
      " Flintshire",
      " Florida",
      " Franche-Comte",
      " Francisco Morazan",
      " Fribourg",
      " Friesland",
      " Friuli-Venezia Giulia",
      " Fujairah",
      " Fujian",
      " Fukui",
      " Fukuoka",
      " Fukushima",
      " Gabrovo",
      " Galicia",
      " Galway",
      " Gansu",
      " Gateshead",
      " Gavleborgs Lan",
      " Gaza",
      " Gaziantep",
      " Gelderland",
      " Geneve",
      " Georgia",
      " Gibraltar",
      " Gifu",
      " Gisborne",
      " Gitarama",
      " Giurgiu",
      " Glarus",
      " Glasgow City",
      " Gloucestershire",
      " Goa",
      " Goias",
      " Gombe",
      " Gorj",
      " Gornja Radgona Commune",
      " Gotlands Lan",
      " Grad Sofiya",
      " Grad Zagreb",
      " Grand Cape Mount",
      " Grand Casablanca",
      " Graubunden",
      " Greater Accra",
      " Greenwich",
      " Grevenmacher",
      " Groningen",
      " Gros-Islet",
      " Grosuplje Commune",
      " Guanacaste",
      " Guanajuato",
      " Guangdong",
      " Guangxi",
      " Guarda",
      " Guatemala",
      " Guayas",
      " Guerrero",
      " Guizhou",
      " Gujarat",
      " Gullbringusysla",
      " Gumma",
      " Gwynedd",
      " Gyor",
      " Gyor-Moson-Sopron",
      " Ha'il",
      " HaDarom",
      " HaMerkaz",
      " HaZafon",
      " Hackney",
      " Hainan",
      " Hainaut",
      " Hallands Lan",
      " Halton",
      " Hamburg",
      " Hamilton",
      " Hammersmith and Fulham",
      " Hampshire",
      " Harghita",
      " Harjumaa",
      " Harrow",
      " Hartlepool",
      " Haryana",
      " Haute-Normandie",
      " Havering",
      " Hawaii",
      " Hawke's Bay",
      " Hebei",
      " Hedmark",
      " Hefa",
      " Heilongjiang",
      " Henan",
      " Heredia",
      " Herefordshire",
      " Hertford",
      " Hessen",
      " Heves",
      " Hidalgo",
      " Highland",
      " Hiiumaa",
      " Hillingdon",
      " Himachal Pradesh",
      " Hiroshima",
      " Hlavni mesto Praha",
      " Hokkaido",
      " Hong Kong Island",
      " Hordaland",
      " Houet",
      " Hounslow",
      " Hovedstaden",
      " Hubei",
      " Huila",
      " Hunan",
      " Hyogo",
      " Iasi",
      " Ibaraki",
      " Ida-Virumaa",
      " Idaho",
      " Ile-de-France",
      " Ilfov",
      " Illinois",
      " Iloilo City",
      " Imo",
      " Inch'on-jikhalsi",
      " Indiana",
      " Inner-Rhoden",
      " Inverclyde",
      " Ioannina",
      " Iowa",
      " Iraklion",
      " Irkutsk",
      " Isabela",
      " Ishikawa",
      " Islamabad",
      " Islas Baleares",
      " Islas de la Bahia",
      " Isle of Anglesey",
      " Isle of Wight",
      " Islington",
      " Isparta",
      " Istanbul",
      " Istarska",
      " Iwate",
      " Izmir",
      " Jakarta Raya",
      " Jalisco",
      " Jammu and Kashmir",
      " Jamtlands Lan",
      " Janub Sina'",
      " Jasz-Nagykun-Szolnok",
      " Jawa Barat",
      " Jawa Tengah",
      " Jawa Timur",
      " Jelgavas",
      " Jharkhand",
      " Jiangsu",
      " Jiangxi",
      " Jihocesky kraj",
      " Jihomoravsky kraj",
      " Jijel",
      " Jilin",
      " Jizan",
      " Johor",
      " Jonkopings Lan",
      " Jura",
      " Kabol",
      " Kadiogo",
      " Kaduna",
      " Kagawa",
      " Kagoshima",
      " Kairouan",
      " Kalimantan Timur",
      " Kalmar Lan",
      " Kampala",
      " Kampot",
      " Kanagawa",
      " Kandahar",
      " Kangwon-do",
      " Kankan",
      " Kano",
      " Kansas",
      " Karlovacka",
      " Karnataka",
      " Karnten",
      " Karpos",
      " Katanga",
      " Kauno Apskritis",
      " Kavala",
      " Kayseri",
      " Kedah",
      " Kensington and Chelsea",
      " Kent",
      " Kentucky",
      " Kepulauan Bangka Belitung",
      " Kepulauan Riau",
      " Kerala",
      " Kerry",
      " Kharkivs'ka Oblast'",
      " Khatlon",
      " Khulna",
      " Kigali",
      " Kikladhes",
      " Kildare",
      " Kilkenny",
      " Kilkis",
      " Kingston",
      " Kingston upon Hull",
      " Kingston upon Thames",
      " Kinshasa",
      " Kirklees",
      " Klaipedos Apskritis",
      " Kocaeli",
      " Kochi",
      " Komarom-Esztergom",
      " Konya",
      " Kordestan",
      " Kosice",
      " Kotayk'",
      " Kowloon",
      " Kralovehradecky kraj",
      " Kranj Commune",
      " Krasnodar",
      " Krasnoyarskiy Kray",
      " Kronobergs Lan",
      " Krung Thep",
      " Kuala Lumpur",
      " Kujawsko-Pomorskie",
      " Kumamoto",
      " Kwangju-jikhalsi",
      " Kwara",
      " Kyonggi-do",
      " Kyongsang-bukto",
      " Kyongsang-namdo",
      " Kyoto",
      " Kyyiv",
      " Kyyivs'ka Oblast'",
      " L'vivs'ka Oblast'",
      " La Libertad",
      " La Paz",
      " La Rioja",
      " La Union",
      " Lagos",
      " Lagunes",
      " Lambeth",
      " Lampung",
      " Lancashire",
      " Languedoc-Roussillon",
      " Laois",
      " Lapland",
      " Larisa",
      " Larnaca",
      " Lasithi",
      " Lasko Commune",
      " Lazio",
      " Leeds",
      " Leicester",
      " Leicestershire",
      " Leiria",
      " Liaoning",
      " Liban-Nord",
      " Liberecky kraj",
      " Libertador General Bernardo O'Higgins",
      " Licko-Senjska",
      " Liege",
      " Liepaja",
      " Liguria",
      " Lima",
      " Limassol",
      " Limbazu",
      " Limburg",
      " Limerick",
      " Limousin",
      " Lincolnshire",
      " Lisboa",
      " Lisburn",
      " Littoral",
      " Liverpool",
      " Ljubljana Urban Commune",
      " Ljutomer Commune",
      " Lodzkie",
      " Loei",
      " Loja",
      " Lombardia",
      " Longford",
      " Lorraine",
      " Los Lagos",
      " Los Rios",
      " Louisiana",
      " Louth",
      " Luanda",
      " Lubelskie",
      " Lubuskie",
      " Luxembourg",
      " Luzern",
      " Madeira",
      " Madhya Pradesh",
      " Madrid",
      " Magdalena",
      " Magnisia",
      " Maharashtra",
      " Maine",
      " Makkah",
      " Malopolskie",
      " Manabi",
      " Managua",
      " Manchester",
      " Mandalay",
      " Mandaue",
      " Manila",
      " Manisa",
      " Manitoba",
      " Manzini",
      " Maputo",
      " Maramures",
      " Maranhao",
      " Marche",
      " Maribor Commune",
      " Marijampoles Apskritis",
      " Maritime",
      " Marlborough",
      " Marrakech-Tensift-Al Haouz",
      " Maryland",
      " Masaka",
      " Masbate",
      " Maseru",
      " Masqat",
      " Massachusetts",
      " Mato Grosso",
      " Mato Grosso do Sul",
      " Maule",
      " Mayo",
      " Mazowieckie",
      " Mbarara",
      " Meath",
      " Mecklenburg-Vorpommern",
      " Mendoza",
      " Mersin",
      " Merton",
      " Messinia",
      " Meta",
      " Mexico",
      " Michigan",
      " Michoacan de Ocampo",
      " Middlesbrough",
      " Midi-Pyrenees",
      " Midland",
      " Midlothian",
      " Midtjylland",
      " Mie",
      " Milton Keynes",
      " Minas Gerais",
      " Mindoro Oriental",
      " Minnesota",
      " Minsk",
      " Misamis Oriental",
      " Misiones",
      " Miskolc",
      " Misratah",
      " Mississippi",
      " Missouri",
      " Miyagi",
      " Miyazaki",
      " Moka",
      " Molise",
      " Monmouthshire",
      " Mont-Liban",
      " Montana",
      " Montserrado",
      " Moravskoslezsky kraj",
      " Moray",
      " More og Romsdal",
      " Morelos",
      " Moscow City",
      " Moskva",
      " Mostaganem",
      " Mpigi",
      " Mugla",
      " Murcia",
      " Mures",
      " Murmansk",
      " Mykolayivs'ka Oblast'",
      " NA - Anguilla",
      " NA - Aruba",
      " NA - British Indian Ocean Territory",
      " NA - Guernsey",
      " NA - Isle of Man",
      " NA - Jersey",
      " NA - Malta",
      " NA - Marshall Islands",
      " NA - Montenegro",
      " NA - Puerto Rico",
      " NA - Reunion",
      " NA - South Africa",
      " NA - Uruguay",
      " NA - Uzbekistan",
      " NA - Venezuela",
      " NA - Vietnam",
      " NA - Yemen",
      " NA - Zambia",
      " NA - Zimbabwe",
      " Nabeul",
      " Nagano",
      " Nagasaki",
      " Nairobi Area",
      " Nakhon Ratchasima",
      " Nakhon Sawan",
      " Namur",
      " Nassarawa",
      " Navarra",
      " Nayarit",
      " Neamt",
      " Neath Port Talbot",
      " Nebraska",
      " Negeri Sembilan",
      " Nei Mongol",
      " Nelson",
      " Neuchatel",
      " Nevada",
      " New Brunswick",
      " New Hampshire",
      " New Jersey",
      " New Mexico",
      " New Providence",
      " New South Wales",
      " New Territories",
      " New York",
      " Newcastle upon Tyne",
      " Newfoundland",
      " Newham",
      " Newport",
      " Newry and Mourne",
      " Niamey",
      " Nicosia",
      " Nidwalden",
      " Niederosterreich",
      " Niedersachsen",
      " Niigata",
      " Ningxia",
      " Nitra",
      " Nizhegorod",
      " Nograd",
      " Nonthaburi",
      " Noord-Brabant",
      " Noord-Holland",
      " Nord-Kivu",
      " Nord-Pas-de-Calais",
      " Nord-Trondelag",
      " Nordjylland",
      " Nordland",
      " Nordrhein-Westfalen",
      " Norfolk",
      " Norourland Eystra",
      " Norrbottens Lan",
      " North Ayrshire",
      " North Carolina",
      " North Dakota",
      " North Lanarkshire",
      " North Lincolnshire",
      " North Region",
      " North Somerset",
      " North Tyneside",
      " North Western",
      " North Yorkshire",
      " North-East",
      " North-East Region",
      " North-West Frontier",
      " Northamptonshire",
      " Northern",
      " Northumberland",
      " Nottingham",
      " Nottinghamshire",
      " Nova Scotia",
      " Novosibirsk",
      " Nueva Ecija",
      " Nuevo Leon",
      " Nunavut",
      " Nusa Tenggara Barat",
      " Nusa Tenggara Timur",
      " Nyanza",
      " Oaxaca",
      " Oberosterreich",
      " Obwalden",
      " Odes'ka Oblast'",
      " Offaly",
      " Ogres",
      " Ogun",
      " Ohio",
      " Oita",
      " Okayama",
      " Okinawa",
      " Oklahoma",
      " Oldham",
      " Olomoucky kraj",
      " Omagh",
      " Ontario",
      " Oost-Vlaanderen",
      " Opolskie",
      " Oppland",
      " Oran",
      " Orebro Lan",
      " Oregon",
      " Orenburg",
      " Orhei",
      " Oriental",
      " Orissa",
      " Orkney",
      " Osaka",
      " Oshana",
      " Osjecko-Baranjska",
      " Oslo",
      " Ostergotlands Lan",
      " Ostfold",
      " Osun",
      " Otago",
      " Ouest",
      " Oulu",
      " Overijssel",
      " Oxfordshire",
      " Oyo",
      " Pahang",
      " Pais Vasco",
      " Pamplemousses",
      " Panama",
      " Pangasinan",
      " Paphos",
      " Para",
      " Paraiba",
      " Parana",
      " Pardubicky kraj",
      " Parnumaa",
      " Pathum Thani",
      " Pays de la Loire",
      " Pecs",
      " Pembrokeshire",
      " Pennsylvania",
      " Perak",
      " Permskiy Kray",
      " Pernambuco",
      " Perth and Kinross",
      " Pesnica Commune",
      " Pest",
      " Peterborough",
      " Phnum Penh",
      " Phuket",
      " Piaui",
      " Picardie",
      " Pichincha",
      " Piemonte",
      " Piura",
      " Plaines Wilhems",
      " Plateau",
      " Plovdiv",
      " Plymouth",
      " Plzensky kraj",
      " Podkarpackie",
      " Podlaskie",
      " Poitou-Charentes",
      " Pomorskie",
      " Port Louis",
      " Port-of-Spain",
      " Portalegre",
      " Porto",
      " Powys",
      " Pozesko-Slavonska",
      " Prahova",
      " Presov",
      " Primorsko-Goranska",
      " Prince Edward Island",
      " Provence-Alpes-Cote d'Azur",
      " Puducherry",
      " Puebla",
      " Puglia",
      " Pulau Pinang",
      " Punjab",
      " Pusan-jikhalsi",
      " Qinghai",
      " Quebec",
      " Queensland",
      " Queretaro de Arteaga",
      " Quezon City",
      " Quindio",
      " Quintana Roo",
      " Rabat-Sale-Zemmour-Zaer",
      " Radovljica Commune",
      " Rajasthan",
      " Rajshahi",
      " Rangarvallasysla",
      " Rangoon",
      " Ras Al Khaimah",
      " Rayong",
      " Reading",
      " Redcar and Cleveland",
      " Region Metropolitana",
      " Renfrewshire",
      " Republika Srpska",
      " Rezeknes",
      " Rheinland-Pfalz",
      " Rhode Island",
      " Rhondda Cynon Taff",
      " Rhone-Alpes",
      " Riau",
      " Richmond upon Thames",
      " Rift Valley",
      " Riga",
      " Rigas",
      " Rio Grande do Norte",
      " Rio Grande do Sul",
      " Rio de Janeiro",
      " Rivers",
      " Riviere du Rempart",
      " Rizal",
      " Rodhopi",
      " Rogaland",
      " Rondonia",
      " Rostov",
      " Rotherham",
      " Ruggell",
      " Ruse",
      " Saarland",
      " Sabah",
      " Sabaragamuwa",
      " Sachsen",
      " Sachsen-Anhalt",
      " Saint Andrew",
      " Saint Elizabeth",
      " Saint George",
      " Saint James",
      " Saint John Figtree",
      " Saint Michael",
      " Saint Patrick",
      " Saint Petersburg City",
      " Saint Philip",
      " Saint Thomas Middle Island",
      " Saint-Louis",
      " Saitama",
      " Sakarya",
      " Sakha",
      " Salford",
      " Salzburg",
      " Samar",
      " Samara",
      " Samsun",
      " Samut Prakan",
      " Samut Sakhon",
      " San Jose",
      " San Luis Potosi",
      " San Marino",
      " San Salvador",
      " San Vicente",
      " Sandwell",
      " Sankt Gallen",
      " Santa Catarina",
      " Santa Cruz",
      " Santa Fe",
      " Santarem",
      " Sao Paulo",
      " Saratov",
      " Sarawak",
      " Sardegna",
      " Saskatchewan",
      " Schaan",
      " Schaffhausen",
      " Schleswig-Holstein",
      " Schwyz",
      " Scottish Borders",
      " Sefton",
      " Selangor",
      " Seoul-t'ukpyolsi",
      " Sergipe",
      " Setubal",
      " Sfax",
      " Shaanxi",
      " Shandong",
      " Shanghai",
      " Shanxi",
      " Sharjah",
      " Sheffield",
      " Shetland Islands",
      " Shiga",
      " Shimane",
      " Shizuoka",
      " Shropshire",
      " Shumen",
      " Siauliu Apskritis",
      " Sibiu",
      " Sichuan",
      " Sicilia",
      " Sinaloa",
      " Sindh",
      " Sinop",
      " Sisacko-Moslavacka",
      " Sitrah",
      " Sjelland",
      " Skagafjardarsysla",
      " Skane Lan",
      " Slaskie",
      " Sligo",
      " Slovenska Bistrica Commune",
      " Snafellsnes- og Hnappadalssysla",
      " Sodermanlands Lan",
      " Sogn og Fjordane",
      " Solihull",
      " Solothurn",
      " Somerset",
      " Somogy",
      " Sonora",
      " Sor-Trondelag",
      " Souss-Massa-Dr",
      " Sousse",
      " South Australia",
      " South Ayrshire",
      " South Carolina",
      " South Dakota",
      " South Lanarkshire",
      " South Tyneside",
      " South-East",
      " Southampton",
      " Southend-on-Sea",
      " Southern",
      " Southern Finland",
      " Southwark",
      " Splitsko-Dalmatinska",
      " St. Helens",
      " Staffordshire",
      " Stann Creek",
      " Steiermark",
      " Stirling",
      " Stockholms Lan",
      " Stockport",
      " Stockton-on-Tees",
      " Stoke-on-Trent",
      " Strabane",
      " Stredocesky kraj",
      " Struga",
      " Suceava",
      " Sud-Ouest",
      " Sudur-Mulasysla",
      " Suffolk",
      " Sulawesi Selatan",
      " Sulawesi Tenggara",
      " Sumatera Utara",
      " Sums'ka Oblast'",
      " Sunderland",
      " Suourland",
      " Suournes",
      " Surrey",
      " Sutton",
      " Sverdlovsk",
      " Swansea",
      " Swietokrzyskie",
      " Syddanmark",
      " Sylhet",
      " Szabolcs-Szatmar-Bereg",
      " Szeged",
      " T'ai-pei",
      " T'ai-wan",
      " T'bilisi",
      " T'et'ritsqaros Raioni",
      " Tabasco",
      " Tacloban",
      " Taegu-jikhalsi",
      " Taejon-jikhalsi",
      " Takeo",
      " Tamil Nadu",
      " Tanga",
      " Taranaki",
      " Tartumaa",
      " Tasmania",
      " Tatarstan",
      " Tehran",
      " Tekirdag",
      " Tel Aviv",
      " Telemark",
      " Telford and Wrekin",
      " Tennessee",
      " Tete",
      " Tetovo",
      " Texas",
      " Thessaloniki",
      " Thies",
      " Thurgau",
      " Thuringen",
      " Thurrock",
      " Tianjin",
      " Ticino",
      " Timis",
      " Tipperary",
      " Tirane",
      " Tirol",
      " Tocantins",
      " Tochigi",
      " Tokushima",
      " Tokyo",
      " Toledo",
      " Tolna",
      " Tomsk",
      " Torbay",
      " Toscana",
      " Tottori",
      " Toyama",
      " Trafford",
      " Trarza",
      " Trbovlje Commune",
      " Trencin",
      " Trentino-Alto Adige",
      " Triesen",
      " Trikala",
      " Tripura",
      " Trnava",
      " Troms",
      " Tsalkis Raioni",
      " Tucuman",
      " Tukuma",
      " Tunis",
      " Tyumen'",
      " Ul'yanovsk",
      " Ulaanbaatar",
      " Ulsan-gwangyoksi",
      " Umbria",
      " Umm Al Quwain",
      " Uppsala Lan",
      " Uri",
      " Usak",
      " Ustecky kraj",
      " Usulutan",
      " Utah",
      " Utenos Apskritis",
      " Utrecht",
      " Uttar Pradesh",
      " Uttarakhand",
      " Uva",
      " Vaduz",
      " Valais",
      " Vale of Glamorgan",
      " Valle d'Aosta",
      " Valle del Cauca",
      " Valmieras",
      " Valparaiso",
      " Varazdinska",
      " Varmlands Lan",
      " Varna",
      " Vas",
      " Vasterbottens Lan",
      " Vasternorrlands Lan",
      " Vastmanlands Lan",
      " Vastra Gotaland",
      " Vaud",
      " Velenje Urban Commune",
      " Veneto",
      " Ventspils",
      " Veracruz-Llave",
      " Vermont",
      " Vest-Agder",
      " Vestfiroir",
      " Vestfold",
      " Vestur-Isafjardarsysla",
      " Vesturland",
      " Veszprem",
      " Victoria",
      " Vientiane",
      " Vila Real",
      " Viljandimaa",
      " Vilniaus Apskritis",
      " Vinnyts'ka Oblast'",
      " Vipava Commune",
      " Virginia",
      " Viseu",
      " Vlaams-Brabant",
      " Vojvodina",
      " Volta",
      " Voronezh",
      " Vysocina",
      " Waikato",
      " Wakayama",
      " Wakefield",
      " Walsall",
      " Waltham Forest",
      " Wandsworth",
      " Warminsko-Mazurskie",
      " Warrington",
      " Warwickshire",
      " Washington",
      " Waterford",
      " Wellington",
      " West Bank",
      " West Bengal",
      " West Berkshire",
      " West Kazakhstan",
      " West Lothian",
      " West Region",
      " West Sussex",
      " West Virginia",
      " West-Vlaanderen",
      " Western",
      " Western Area",
      " Western Australia",
      " Western Finland",
      " Westmeath",
      " Westminster",
      " Wexford",
      " Wicklow",
      " Wielkopolskie",
      " Wien",
      " Wigan",
      " Wiltshire",
      " Windhoek",
      " Windsor and Maidenhead",
      " Wirral",
      " Wisconsin",
      " Wokingham",
      " Wolverhampton",
      " Woqooyi Galbeed",
      " Worcestershire",
      " Wrexham",
      " Wyoming",
      " Xinjiang",
      " Xizang",
      " Yamagata",
      " Yamaguchi",
      " Yamanashi",
      " Yangon",
      " Yaroslavl'",
      " YeDebub Biheroch Bihereseboch na Hizboch",
      " Yerevan",
      " Yerushalayim",
      " Yogyakarta",
      " York",
      " Yucatan",
      " Yunnan",
      " Zacatecas",
      " Zachodniopomorskie",
      " Zagrebacka",
      " Zala",
      " Zanzibar Urban",
      " Zaporiz'ka Oblast'",
      " Zeeland",
      " Zelino",
      " Zhejiang",
      " Zhytomyrs'ka Oblast'",
      " Zilina",
      " Zlinsky kraj",
      " Zug",
      " Zuid-Holland",
      " Zurich"
    ],
    "Funding Status": [
      "Early Stage Venture",
      "IPO",
      "Late Stage Venture",
      "M&A",
      "Private Equity",
      "Seed"
    ],
    "Last Funding Type": [
      "Angel",
      "Convertible Note",
      "Corporate Round",
      "Debt Financing",
      "Equity Crowdfunding",
      "Grant",
      "Initial Coin Offering",
      "Non-equity Assistance",
      "Post-IPO Debt",
      "Post-IPO Equity",
      "Post-IPO Secondary",
      "Pre-Seed",
      "Private Equity",
      "Product Crowdfunding",
      "Secondary Market",
      "Seed",
      "Series A",
      "Series B",
      "Series C",
      "Series D",
      "Series E",
      "Series F",
      "Series G",
      "Series H",
      "Series I",
      "Series J",
      "Undisclosed",
      "Venture - Series Unknown"
    ]
  }
}